City_ID,City,Country,Date,Lat,Lng,Max Temp,Humidity,Cloudiness,Wind Speed
0,Dwarka,IN,2021-10-18 05:35:43,22.2394,68.9678,84.22,54,5,13.91
1,Morropon,PE,2021-10-18 05:35:44,-5.1822,-79.9689,69.22,81,83,2.57
2,Lubaczow,PL,2021-10-18 05:35:44,50.157,23.1234,43.52,74,100,6.58
3,Ponta Do Sol,PT,2021-10-18 05:35:45,32.6667,-17.1,70.0,73,43,3.56
4,Albany,US,2021-10-18 05:35:45,42.6001,-73.9662,48.15,88,61,5.99
5,Comodoro Rivadavia,AR,2021-10-18 05:31:05,-45.8667,-67.5,55.26,47,0,12.66
6,Bethel,US,2021-10-18 05:35:46,41.3712,-73.414,53.01,81,1,4.61
7,Isangel,VU,2021-10-18 05:34:15,-19.55,169.2667,80.71,78,90,0.0
8,Victoria,HK,2021-10-18 05:33:59,22.2855,114.1577,80.96,62,56,3.0
9,Tautira,PF,2021-10-18 05:35:47,-17.7333,-149.15,80.62,75,70,20.24
10,Port Hardy,CA,2021-10-18 05:35:48,50.6996,-127.4199,48.2,93,40,4.61
11,Cape Town,ZA,2021-10-18 05:35:48,-33.9258,18.4232,59.11,66,0,4.0
12,Kudahuvadhoo,MV,2021-10-18 05:35:49,2.6708,72.8944,83.46,71,45,15.32
13,Buraydah,SA,2021-10-18 05:34:36,26.326,43.975,77.45,20,0,11.27
14,Inirida,CO,2021-10-18 05:35:49,3.8653,-67.9239,72.36,98,71,2.24
15,Camopi,GF,2021-10-18 05:35:50,3.1655,-52.3158,71.08,100,91,2.17
16,Castro,BR,2021-10-18 05:35:50,-24.7911,-50.0119,55.18,99,100,6.78
17,Punta Arenas,CL,2021-10-18 05:35:51,-53.15,-70.9167,48.31,76,0,12.66
18,Namatanai,PG,2021-10-18 05:35:51,-3.6667,152.4333,84.87,68,70,11.25
19,Marang,MY,2021-10-18 05:35:52,5.2056,103.2059,89.51,68,99,6.04
20,Sibolga,ID,2021-10-18 05:35:52,1.7427,98.7792,85.55,67,100,4.32
21,Arraial Do Cabo,BR,2021-10-18 05:35:53,-22.9661,-42.0278,69.73,86,99,4.65
22,Ushuaia,AR,2021-10-18 05:31:43,-54.8,-68.3,46.06,76,20,6.91
23,Fortuna,US,2021-10-18 05:35:54,40.5982,-124.1573,50.41,69,97,2.59
24,Rikitea,PF,2021-10-18 05:35:54,-23.1203,-134.9692,75.15,76,6,16.6
25,Bluff,NZ,2021-10-18 05:35:55,-46.6,168.3333,54.21,67,21,21.97
26,Cabo San Lucas,MX,2021-10-18 05:31:04,22.8909,-109.9124,79.61,82,8,9.73
27,Evensk,RU,2021-10-18 05:35:56,61.95,159.2333,17.49,66,100,18.75
28,Cherskiy,RU,2021-10-18 05:35:56,68.75,161.3,-12.15,100,77,3.36
29,Svetlaya,RU,2021-10-18 05:35:57,46.5389,138.3297,42.35,42,56,9.73
30,Barrow,US,2021-10-18 05:35:57,71.2906,-156.7887,21.22,68,90,11.5
31,Butaritari,KI,2021-10-18 05:35:58,3.0707,172.7902,81.84,71,20,10.25
32,Olga,RU,2021-10-18 05:35:58,43.7444,135.2892,44.51,78,45,10.33
33,Zwolle,NL,2021-10-18 05:35:59,52.5126,6.0936,50.92,86,64,7.56
34,Novyye Burasy,RU,2021-10-18 05:35:59,52.1324,46.0714,48.47,80,99,2.53
35,Kapaa,US,2021-10-18 05:35:59,22.0752,-159.319,78.78,81,20,1.99
36,Vaini,TO,2021-10-18 05:36:00,-21.2,-175.2,77.16,88,40,8.05
37,Hermanus,ZA,2021-10-18 05:36:00,-34.4187,19.2345,57.9,61,1,5.99
38,Saldanha,ZA,2021-10-18 05:36:01,-33.0117,17.9442,48.25,62,0,15.95
39,Karachi,PK,2021-10-18 05:34:48,24.9056,67.0822,85.82,48,0,6.91
40,Tiznit,MA,2021-10-18 05:36:02,29.5833,-9.5,67.24,21,23,2.06
41,Tremedal,BR,2021-10-18 05:36:02,-14.9758,-41.4108,69.15,77,49,3.33
42,Lavrentiya,RU,2021-10-18 05:36:03,65.5833,-171.0,21.65,71,52,8.97
43,Tirodi,IN,2021-10-18 05:36:03,21.6833,79.7,76.96,92,95,7.11
44,Mount Gambier,AU,2021-10-18 05:36:04,-37.8333,140.7667,58.91,63,75,17.27
45,Hobart,AU,2021-10-18 05:31:23,-42.8794,147.3294,58.01,79,75,1.99
46,Esperance,AU,2021-10-18 05:36:04,-33.8667,121.9,71.44,67,0,14.97
47,Namibe,AO,2021-10-18 05:36:05,-15.1961,12.1522,64.35,83,28,6.11
48,Yerbogachen,RU,2021-10-18 05:36:05,61.2767,108.0108,34.52,84,100,12.64
49,Cidreira,BR,2021-10-18 05:36:06,-30.1811,-50.2056,61.38,79,84,12.08
50,Sept-Iles,CA,2021-10-18 05:35:10,50.2001,-66.3821,50.52,97,90,11.01
51,Monroe,US,2021-10-18 05:36:06,43.1501,-77.6831,50.32,84,40,6.91
52,Nakamura,JP,2021-10-18 05:36:07,32.9833,132.9333,66.13,62,89,4.09
53,Busselton,AU,2021-10-18 05:36:07,-33.65,115.3333,73.04,67,20,13.73
54,Panaba,MX,2021-10-18 05:36:08,21.2833,-88.2667,74.53,91,34,6.24
55,Surt,LY,2021-10-18 05:36:09,31.2089,16.5887,71.06,65,100,10.69
56,Souillac,MU,2021-10-18 05:36:09,-20.5167,57.5167,79.18,65,40,18.41
57,Port Elizabeth,ZA,2021-10-18 05:36:10,-33.918,25.5701,55.69,76,0,10.36
58,Atuona,PF,2021-10-18 05:36:10,-9.8,-139.0333,78.4,73,87,21.14
59,Norwich,GB,2021-10-18 05:36:11,52.6278,1.2983,52.86,94,100,4.61
60,Rizhao,CN,2021-10-18 05:36:11,35.4275,119.4553,61.29,47,62,11.59
61,Ozark,US,2021-10-18 05:36:12,37.0209,-93.206,56.61,90,0,4.99
62,Lokot,RU,2021-10-18 05:36:13,52.565,34.5776,41.4,78,97,9.71
63,Lasa,IT,2021-10-18 05:36:13,46.6166,10.7002,45.48,46,100,6.04
64,East London,ZA,2021-10-18 05:36:13,-33.0153,27.9116,54.54,71,0,10.36
65,La Ronge,CA,2021-10-18 05:36:14,55.1001,-105.2842,37.65,87,1,3.44
66,Caraquet,CA,2021-10-18 05:36:14,47.7941,-64.9386,52.34,91,53,12.17
67,Broome,US,2021-10-18 05:36:15,42.2506,-75.833,48.6,76,90,8.05
68,Camacha,PT,2021-10-18 05:36:15,33.0833,-16.3333,67.42,83,40,8.05
69,Vilyuysk,RU,2021-10-18 05:36:16,63.7553,121.6247,25.34,94,100,8.5
70,Hithadhoo,MV,2021-10-18 05:36:17,-0.6,73.0833,82.18,76,94,10.54
71,Mayor Pablo Lagerenza,PY,2021-10-18 05:36:17,-19.9309,-60.7718,68.7,74,100,5.53
72,Margate,GB,2021-10-18 05:36:18,51.3813,1.3862,56.3,91,100,1.01
73,Pacific Grove,US,2021-10-18 05:36:18,36.6177,-121.9166,55.08,89,90,1.99
74,Dingle,PH,2021-10-18 05:36:18,10.9995,122.6711,86.47,72,55,8.01
75,Benjamin Aceval,PY,2021-10-18 05:36:19,-24.9667,-57.5667,62.74,84,0,5.03
76,Tuktoyaktuk,CA,2021-10-18 05:36:19,69.4541,-133.0374,24.8,100,75,4.61
77,Santarem,BR,2021-10-18 05:36:20,-2.4431,-54.7083,77.13,94,75,4.61
78,Nokia,FI,2021-10-18 05:36:21,61.4667,23.5,38.01,84,75,1.01
79,Dikson,RU,2021-10-18 05:36:21,73.5069,80.5464,30.97,99,100,4.97
80,Tabou,CI,2021-10-18 05:36:22,4.423,-7.3528,76.75,88,51,5.37
81,Cadillac,US,2021-10-18 05:34:45,44.2519,-85.4012,44.35,100,1,0.0
82,Macau,MO,2021-10-18 05:36:23,22.2006,113.5461,80.85,64,0,13.8
83,Leningradskiy,RU,2021-10-18 05:36:23,69.3833,178.4167,10.6,96,100,1.79
84,Khatanga,RU,2021-10-18 05:36:24,71.9667,102.5,32.9,99,100,12.75
85,Coquimbo,CL,2021-10-18 05:33:13,-29.9533,-71.3436,53.33,93,0,1.14
86,Anchorage,US,2021-10-18 05:34:37,61.2181,-149.9003,41.86,81,90,5.99
87,Rundu,NA,2021-10-18 05:36:25,-17.9333,19.7667,72.36,12,50,11.12
88,Klaksvik,FO,2021-10-18 05:36:25,62.2266,-6.589,47.32,87,100,30.8
89,Beroroha,MG,2021-10-18 05:36:26,-21.6667,45.1667,87.19,41,0,5.1
90,Kaitangata,NZ,2021-10-18 05:36:26,-46.2817,169.8464,59.94,51,53,3.36
91,Buchanan,LR,2021-10-18 05:36:26,5.8808,-10.0467,76.64,88,40,4.12
92,Hofn,IS,2021-10-18 05:36:27,64.2539,-15.2082,41.27,91,100,15.61
93,Bredasdorp,ZA,2021-10-18 05:36:28,-34.5322,20.0403,55.58,56,7,1.19
94,Autazes,BR,2021-10-18 05:36:28,-3.5797,-59.1306,74.79,91,100,2.77
95,Waipawa,NZ,2021-10-18 05:36:28,-41.4122,175.5153,57.83,77,5,17.6
96,Taoudenni,ML,2021-10-18 05:36:29,22.6783,-3.9836,77.49,9,48,8.7
97,Butia,BR,2021-10-18 05:36:29,-30.1197,-51.9622,51.91,98,2,3.98
98,Mataura,NZ,2021-10-18 05:36:30,-46.1927,168.8643,55.08,59,53,4.36
99,Lebu,CL,2021-10-18 05:32:05,-37.6167,-73.65,48.99,90,2,17.34
100,Renfrew,GB,2021-10-18 05:36:30,55.872,-4.3925,59.04,96,90,3.44
101,West Helena,US,2021-10-18 05:36:31,34.5507,-90.6418,49.68,54,31,4.52
102,Chatrapur,IN,2021-10-18 05:36:31,19.35,84.9833,81.52,84,100,6.76
103,Uddevalla,SE,2021-10-18 05:36:32,58.3478,11.9424,28.76,68,26,1.59
104,Beloha,MG,2021-10-18 05:36:32,-25.1667,45.05,85.77,42,0,2.21
105,Dobsina,SK,2021-10-18 05:36:33,48.8207,20.3699,44.08,79,76,2.59
106,San Gabriel,US,2021-10-18 05:36:33,34.0961,-118.1058,62.04,79,75,0.0
107,Nikolskoye,RU,2021-10-18 05:36:34,59.7035,30.7861,38.01,96,61,9.28
108,Chegdomyn,RU,2021-10-18 05:36:34,51.1167,133.0167,28.58,33,70,3.42
109,Edgewater,US,2021-10-18 05:36:35,28.9889,-80.9023,71.01,60,0,12.21
110,Avarua,CK,2021-10-18 05:36:35,-21.2078,-159.775,75.25,83,90,5.75
111,Jamestown,US,2021-10-18 05:36:36,42.097,-79.2353,53.19,92,90,3.0
112,Constitucion,CL,2021-10-18 05:36:36,-35.3333,-72.4167,51.39,75,0,6.8
113,Bandarbeyla,SO,2021-10-18 05:36:36,9.4942,50.8122,84.38,63,25,14.07
114,Krasnoselkup,RU,2021-10-18 05:36:37,65.7,82.4667,38.66,93,100,19.42
115,Strezhevoy,RU,2021-10-18 05:36:37,60.7333,77.5889,42.78,68,85,11.18
116,Upernavik,GL,2021-10-18 05:36:38,72.7868,-56.1549,22.35,50,65,6.31
117,Longyearbyen,SJ,2021-10-18 05:36:38,78.2186,15.6401,17.44,73,20,1.14
118,Abeche,TD,2021-10-18 05:36:38,13.8292,20.8324,79.57,33,16,10.18
119,Fort-Shevchenko,KZ,2021-10-18 05:36:39,44.5086,50.263,57.7,70,99,14.61
120,Guaratinga,BR,2021-10-18 05:36:39,-16.5667,-39.5667,75.87,98,32,1.3
121,Hilo,US,2021-10-18 05:36:40,19.7297,-155.09,75.27,88,90,3.44
122,Las Vegas,US,2021-10-18 05:35:50,36.175,-115.1372,72.28,18,1,12.66
123,Jibuti,DJ,2021-10-18 05:36:41,11.5,42.5,85.42,32,59,3.44
124,Tema,GH,2021-10-18 05:36:41,5.667,-0.0166,75.61,100,0,9.22
125,Rochegda,RU,2021-10-18 05:36:42,62.8,43.25,36.99,88,100,10.33
126,Lerwick,GB,2021-10-18 05:36:43,60.1545,-1.1494,50.0,75,100,23.91
127,Xuchang,CN,2021-10-18 05:36:43,34.0167,113.8167,67.08,41,1,10.87
128,Port Alfred,ZA,2021-10-18 05:36:43,-33.5906,26.891,58.78,58,48,10.56
129,Venice,US,2021-10-18 05:36:44,27.0998,-82.4543,71.98,78,16,5.99
130,Tasiilaq,GL,2021-10-18 05:36:44,65.6145,-37.6368,30.36,47,85,14.36
131,Provideniya,RU,2021-10-18 05:36:45,64.3833,-173.3,26.71,59,90,6.71
132,Lorengau,PG,2021-10-18 05:36:45,-2.0226,147.2712,85.41,66,16,11.45
133,Mar Del Plata,AR,2021-10-18 05:34:08,-38.0023,-57.5575,52.12,11,14,8.99
134,Torbay,CA,2021-10-18 05:36:46,47.6666,-52.7314,43.57,97,90,4.61
135,Knysna,ZA,2021-10-18 05:36:47,-34.0363,23.0471,52.18,61,20,3.18
136,Dicabisagan,PH,2021-10-18 05:36:48,17.0818,122.4157,83.28,72,99,6.04
137,Pevek,RU,2021-10-18 05:36:48,69.7008,170.3133,4.12,99,94,4.21
138,Kauhajoki,FI,2021-10-18 05:36:49,62.4333,22.1833,35.76,87,91,8.66
139,Hasaki,JP,2021-10-18 05:36:49,35.7333,140.8333,63.28,54,98,15.35
140,Te Anau,NZ,2021-10-18 05:36:50,-45.4167,167.7167,55.56,58,6,6.55
141,Ajdabiya,LY,2021-10-18 05:36:50,30.7554,20.2263,65.97,52,8,9.62
142,Itaueira,BR,2021-10-18 05:36:51,-7.6033,-43.0256,77.77,38,90,2.46
143,Presidencia Roque Saenz Pena,AR,2021-10-18 05:36:51,-26.7852,-60.4388,58.21,77,7,5.68
144,Vardo,NO,2021-10-18 05:36:51,70.3705,31.1107,34.0,75,98,33.38
145,Borba,BR,2021-10-18 05:36:52,-4.3878,-59.5939,71.94,97,100,2.89
146,Arlit,NE,2021-10-18 05:36:52,18.7369,7.3853,83.41,29,89,6.04
147,New Norfolk,AU,2021-10-18 05:36:53,-42.7826,147.0587,55.65,55,98,5.99
148,Kodiak,US,2021-10-18 05:36:53,57.79,-152.4072,41.59,96,100,32.7
149,Langsa,ID,2021-10-18 05:36:53,4.4683,97.9683,81.72,75,100,1.43
150,Seoul,KR,2021-10-18 05:32:38,37.5683,126.9778,60.4,43,0,8.05
151,Thompson,CA,2021-10-18 05:34:13,55.7435,-97.8558,42.96,75,20,2.3
152,Kuytun,RU,2021-10-18 05:36:54,54.3419,101.5036,40.21,60,7,7.94
153,Zhigansk,RU,2021-10-18 05:36:55,66.7697,123.3711,19.6,93,100,21.88
154,Coihaique,CL,2021-10-18 05:36:55,-45.5752,-72.0662,48.15,66,90,4.61
155,Khakurinokhabl,RU,2021-10-18 05:36:55,45.0201,40.2291,56.8,55,23,6.55
156,Sioux Lookout,CA,2021-10-18 05:36:02,50.1001,-91.917,48.58,93,1,4.61
157,Batagay-Alyta,RU,2021-10-18 05:36:56,67.8006,130.4114,2.23,84,59,2.51
158,Manicore,BR,2021-10-18 05:36:56,-5.8092,-61.3003,71.19,98,100,1.52
159,Koubia,GN,2021-10-18 05:36:57,11.5833,-11.9,69.6,84,97,0.4
160,Port Macquarie,AU,2021-10-18 05:36:58,-31.4333,152.9167,75.16,68,96,15.08
161,Vao,NC,2021-10-18 05:36:58,-22.6667,167.4833,73.78,87,100,12.86
162,Flinders,AU,2021-10-18 05:36:58,-34.5833,150.8552,82.8,53,1,4.0
163,Codrington,AU,2021-10-18 05:36:59,-38.2667,141.9667,56.17,70,68,17.22
164,Grand Gaube,MU,2021-10-18 05:36:59,-20.0064,57.6608,79.2,74,75,10.0
165,Vestmannaeyjar,IS,2021-10-18 05:37:00,63.4427,-20.2734,46.8,88,100,34.25
166,Charters Towers,AU,2021-10-18 05:37:00,-20.1,146.2667,90.75,28,49,12.88
167,Oktyabrskiy,RU,2021-10-18 05:37:01,54.4815,53.471,47.21,86,100,9.06
168,Saint-Denis,FR,2021-10-18 05:37:01,48.9167,2.3333,47.1,90,0,5.75
169,Jalu,LY,2021-10-18 05:37:02,29.0331,21.5482,68.2,38,0,8.19
170,Bambous Virieux,MU,2021-10-18 05:37:02,-20.3428,57.7575,79.05,65,40,18.41
171,Uglovskoye,RU,2021-10-18 05:37:03,51.3557,80.1942,48.51,41,36,3.42
172,Norman Wells,CA,2021-10-18 05:37:04,65.282,-126.8329,28.44,93,90,3.44
173,Katsuura,JP,2021-10-18 05:37:04,35.1333,140.3,67.19,61,93,17.96
174,Kruisfontein,ZA,2021-10-18 05:37:04,-34.0033,24.7314,51.89,66,58,7.85
175,Panalingaan,PH,2021-10-18 05:37:05,8.7842,117.4231,84.87,74,56,2.95
176,Adrar,MR,2021-10-18 05:37:05,20.5022,-10.0711,81.0,14,100,10.42
177,Sao Felix Do Xingu,BR,2021-10-18 05:37:06,-6.6447,-51.995,71.04,87,98,1.79
178,Tiksi,RU,2021-10-18 05:37:06,71.6872,128.8694,14.04,84,99,12.21
179,Morro Bay,US,2021-10-18 05:35:05,35.3658,-120.8499,61.92,85,36,3.0
180,Vila Velha,BR,2021-10-18 05:37:07,-20.3297,-40.2925,71.55,88,90,1.14
181,Waynesboro,US,2021-10-18 05:37:08,38.0685,-78.8895,48.78,78,1,6.91
182,Bull Savanna,JM,2021-10-18 05:37:08,17.8868,-77.5902,76.14,85,81,4.32
183,Mackay,AU,2021-10-18 05:37:09,-21.15,149.2,85.68,61,40,21.85
184,Qaanaaq,GL,2021-10-18 05:37:09,77.484,-69.3632,24.73,66,100,12.12
185,Necochea,AR,2021-10-18 05:37:10,-38.5473,-58.7368,43.47,82,0,1.79
186,Saskylakh,RU,2021-10-18 05:37:10,71.9167,114.0833,20.32,96,100,6.53
187,Fairbanks,US,2021-10-18 05:37:11,64.8378,-147.7164,30.31,77,1,0.0
188,Nouakchott,MR,2021-10-18 05:37:11,18.0858,-15.9785,82.85,32,19,4.92
189,Timra,SE,2021-10-18 05:37:12,62.487,17.3257,37.11,77,17,6.91
190,Puchezh,RU,2021-10-18 05:37:12,56.9788,43.1676,43.0,85,69,10.47
191,Airai,TL,2021-10-18 05:37:13,-8.9266,125.4092,74.05,63,47,1.34
192,Puerto Leguizamo,CO,2021-10-18 05:37:13,-0.1934,-74.7819,70.65,98,100,2.19
193,Labrea,BR,2021-10-18 05:37:14,-7.2586,-64.7981,72.1,98,95,1.01
194,Turayf,SA,2021-10-18 05:37:14,31.6725,38.6637,59.25,82,0,5.75
195,Chapais,CA,2021-10-18 05:37:15,49.7834,-74.8492,40.78,96,100,8.5
196,San Joaquin,US,2021-10-18 05:37:15,37.9333,-121.3011,56.28,73,90,6.91
197,Koungou,YT,2021-10-18 05:37:16,-12.7336,45.2042,82.11,65,0,11.5
198,Chirongui,YT,2021-10-18 05:37:16,-12.9319,45.1483,82.33,74,5,12.33
199,Georgetown,MY,2021-10-18 05:35:14,5.4112,100.3354,89.53,70,40,8.01
200,Tadine,NC,2021-10-18 05:37:17,-21.55,167.8833,76.32,84,100,2.75
201,Beringovskiy,RU,2021-10-18 05:37:17,63.05,179.3167,31.55,82,100,13.98
202,Geraldton,AU,2021-10-18 05:37:18,-28.7667,114.6,79.21,34,0,13.8
203,Lakes Entrance,AU,2021-10-18 05:37:18,-37.8811,147.981,66.58,65,99,5.35
204,Sedro-Woolley,US,2021-10-18 05:37:19,48.5039,-122.2361,51.13,96,90,0.0
205,Kieta,PG,2021-10-18 05:37:19,-6.2167,155.6333,83.84,68,80,3.78
206,Severo-Kurilsk,RU,2021-10-18 05:37:20,50.6789,156.125,40.51,82,66,37.45
207,Port Lincoln,AU,2021-10-18 05:37:20,-34.7333,135.8667,63.75,57,57,11.56
208,Baruun-Urt,MN,2021-10-18 05:37:21,46.6806,113.2792,38.08,32,31,7.29
209,Karasuk,RU,2021-10-18 05:37:22,53.7377,78.0403,49.24,49,31,10.49
210,Andijon,UZ,2021-10-18 05:37:22,40.7821,72.3442,65.55,93,100,2.57
211,Portland,US,2021-10-18 05:35:53,45.5234,-122.6762,53.47,91,90,1.01
212,Lazaro Cardenas,MX,2021-10-18 05:37:23,17.9583,-102.2,77.83,89,4,3.89
213,Minab,IR,2021-10-18 05:37:23,27.1467,57.0801,89.1,15,0,1.99
214,Coahuayana,MX,2021-10-18 05:37:24,18.7333,-103.6833,76.86,90,15,2.98
215,Rognan,NO,2021-10-18 05:37:24,67.0953,15.3878,38.05,87,100,2.71
216,Morondava,MG,2021-10-18 05:37:25,-20.2833,44.2833,81.16,64,74,6.71
217,Bilma,NE,2021-10-18 05:37:25,18.6853,12.9164,80.96,24,52,5.59
218,Poum,NC,2021-10-18 05:37:26,-20.2333,164.0167,77.14,81,100,6.24
219,Novoagansk,RU,2021-10-18 05:37:27,61.9449,76.6625,43.18,74,88,12.86
220,Lata,PT,2021-10-18 05:37:28,40.1629,-8.3327,65.05,94,100,2.01
221,Luderitz,NA,2021-10-18 05:37:28,-26.6481,15.1594,67.53,31,30,12.95
222,Awbari,LY,2021-10-18 05:37:28,26.5921,12.7805,74.1,20,7,7.05
223,Yar-Sale,RU,2021-10-18 05:37:29,66.8333,70.8333,37.36,95,100,16.15
224,Bengkulu,ID,2021-10-18 05:37:29,-3.8004,102.2655,79.32,80,100,3.91
225,Aswan,EG,2021-10-18 05:32:38,24.0934,32.907,83.84,21,0,21.18
226,Salta,AR,2021-10-18 05:37:30,-24.7859,-65.4117,64.99,51,75,0.0
227,Shuyskoye,RU,2021-10-18 05:37:30,59.3736,41.0305,36.73,89,7,7.29
228,Talnakh,RU,2021-10-18 05:37:31,69.4865,88.3972,34.05,100,100,12.17
229,Carnarvon,AU,2021-10-18 05:37:31,-24.8667,113.6333,78.87,36,11,13.8
230,Isla Vista,US,2021-10-18 05:37:32,34.4133,-119.861,59.9,82,75,0.0
231,Hambantota,LK,2021-10-18 05:37:32,6.1241,81.1185,89.94,66,20,13.8
232,Carutapera,BR,2021-10-18 05:37:33,-1.195,-46.02,77.94,84,59,5.91
233,Naryan-Mar,RU,2021-10-18 05:37:33,67.6713,53.087,35.06,98,100,8.68
234,Terme,TR,2021-10-18 05:37:34,41.2092,36.9739,61.97,92,100,8.63
235,Clarksville,US,2021-10-18 05:37:23,36.5298,-87.3595,50.25,92,1,0.0
236,Khorixas,NA,2021-10-18 05:37:35,-20.3667,14.9667,69.42,22,11,9.08
237,Pochutla,MX,2021-10-18 05:37:36,15.7432,-96.4661,74.82,88,100,4.65
238,Sitka,US,2021-10-18 05:37:36,57.0531,-135.33,46.29,49,90,16.11
239,Russell,US,2021-10-18 05:37:37,32.3502,-85.1999,51.8,92,1,0.0
240,Aksum,ET,2021-10-18 05:37:38,14.1245,38.7244,67.14,33,48,13.8
241,Acari,PE,2021-10-18 05:37:38,-15.4311,-74.6158,65.52,79,58,4.0
242,Waingapu,ID,2021-10-18 05:37:39,-9.6567,120.2641,88.61,59,40,7.85
243,Mae Sai,TH,2021-10-18 05:37:39,20.4335,99.8762,81.72,56,66,3.96
244,La Asuncion,VE,2021-10-18 05:37:40,11.0333,-63.8628,80.28,91,16,10.69
245,Cayenne,GF,2021-10-18 05:37:40,4.9333,-52.3333,80.1,86,20,0.0
246,Ostrovnoy,RU,2021-10-18 05:37:41,68.0531,39.5131,39.83,77,98,6.38
247,Mayumba,GA,2021-10-18 05:37:41,-3.432,10.6554,76.37,84,100,4.59
248,Khvalynsk,RU,2021-10-18 05:37:42,52.4906,48.1058,51.91,84,100,4.32
249,Naze,JP,2021-10-18 05:37:42,28.3667,129.4833,76.12,60,100,11.95
250,Diamantino,BR,2021-10-18 05:37:44,-14.4086,-56.4461,74.8,82,97,2.98
251,Mahebourg,MU,2021-10-18 05:37:44,-20.4081,57.7,79.09,65,40,18.41
252,Pokhara,NP,2021-10-18 05:37:45,28.2333,83.9833,68.45,93,100,3.53
253,Calama,CL,2021-10-18 05:37:45,-22.4667,-68.9333,47.93,21,0,6.31
254,San Antonio,US,2021-10-18 05:33:00,29.4241,-98.4936,59.97,72,20,0.0
255,Port Blair,IN,2021-10-18 05:37:46,11.6667,92.75,84.24,74,91,10.6
256,Puerto Del Rosario,ES,2021-10-18 05:37:46,28.5004,-13.8627,69.55,94,0,8.05
257,Puerto Ayora,EC,2021-10-18 05:37:47,-0.7393,-90.3518,69.55,91,99,7.0
258,Sinnamary,GF,2021-10-18 05:37:47,5.3833,-52.95,78.73,87,62,6.98
259,San Patricio,US,2021-10-18 05:37:48,28.017,-97.5169,71.46,63,45,5.97
260,Kavieng,PG,2021-10-18 05:37:48,-2.5744,150.7967,85.5,67,72,12.46
261,Imeni Poliny Osipenko,RU,2021-10-18 05:37:49,52.4201,136.4853,27.64,59,9,4.61
262,Nouadhibou,MR,2021-10-18 05:37:49,20.931,-17.0347,73.6,59,13,15.75
263,General Roca,AR,2021-10-18 05:37:50,-39.0333,-67.5833,50.4,31,0,6.78
264,Aklavik,CA,2021-10-18 05:37:50,68.2191,-135.0107,23.72,87,12,7.07
265,Avera,US,2021-10-18 05:37:51,33.194,-82.5271,51.71,54,0,7.31
266,Pathein,MM,2021-10-18 05:37:51,16.7833,94.7333,82.81,82,100,7.65
267,Kharan,PK,2021-10-18 05:37:52,28.5833,65.4167,73.65,9,0,3.18
268,Tayshet,RU,2021-10-18 05:37:52,55.9342,98.0044,43.65,54,5,2.93
269,Doctor Juan Leon Mallorquin,PY,2021-10-18 05:37:53,-25.4,-55.2667,64.13,99,17,2.64
270,Clearwater,US,2021-10-18 05:37:53,27.9659,-82.8001,71.53,74,1,13.0
271,Karasjok,NO,2021-10-18 05:37:54,69.4719,25.5112,32.11,85,68,19.73
272,Marakkanam,IN,2021-10-18 05:37:54,12.2,79.95,87.85,63,100,7.85
273,Santa Fe,AR,2021-10-18 05:37:55,-31.6333,-60.7,56.75,92,22,4.7
274,Ixtapa,MX,2021-10-18 05:37:55,20.7,-105.2,75.07,94,26,2.19
275,Kursavka,RU,2021-10-18 05:37:56,44.4564,42.5093,56.01,90,100,6.22
276,Awjilah,LY,2021-10-18 05:37:56,29.1081,21.2869,68.11,38,0,7.96
277,Plouzane,FR,2021-10-18 05:37:57,48.3833,-4.6167,61.12,94,90,16.11
278,Touros,BR,2021-10-18 05:37:57,-5.1989,-35.4608,74.3,79,51,11.65
279,Carauari,BR,2021-10-18 05:37:58,-4.8828,-66.8958,72.7,99,93,1.41
280,Chuy,UY,2021-10-18 05:37:58,-33.6971,-53.4616,48.33,85,34,4.65
281,Batemans Bay,AU,2021-10-18 05:37:59,-35.7167,150.1833,77.2,53,52,5.41
282,Sobolevo,RU,2021-10-18 05:37:59,54.4299,31.8996,42.39,84,99,12.73
283,Bonavista,CA,2021-10-18 05:38:00,48.6499,-53.1147,43.12,89,100,8.93
284,Saint-Philippe,RE,2021-10-18 05:38:00,-21.3585,55.7679,80.47,74,48,15.9
285,Deloraine,AU,2021-10-18 05:38:01,-41.5333,146.6667,57.36,59,100,4.0
286,Olafsvik,IS,2021-10-18 05:38:02,64.8945,-23.7142,38.84,95,100,27.63
287,Carmen,MX,2021-10-18 05:35:43,18.6333,-91.8333,84.24,74,90,12.66
288,Yellowknife,CA,2021-10-18 05:38:02,62.456,-114.3525,33.42,100,75,8.05
289,Strai,NO,2021-10-18 05:38:03,58.2,7.9,44.64,81,40,10.36
290,Pisco,PE,2021-10-18 05:38:03,-13.7,-76.2167,60.03,88,78,12.66
291,Dasoguz,TM,2021-10-18 05:38:04,41.8363,59.9666,57.15,30,0,11.5
292,Thai Nguyen,VN,2021-10-18 05:38:04,21.5928,105.8442,65.98,88,100,3.74
293,Cairns,AU,2021-10-18 05:38:05,-16.9167,145.7667,95.95,70,75,8.05
294,Gallup,US,2021-10-18 05:33:31,35.5281,-108.7426,54.36,49,1,0.0
295,Ende,ID,2021-10-18 05:38:06,-8.8432,121.6623,88.97,64,25,4.23
296,Tupik,RU,2021-10-18 05:38:06,54.4253,119.9327,31.05,50,81,3.6
297,Azanka,RU,2021-10-18 05:38:07,58.0401,64.7893,45.99,56,99,8.99
298,Hyeres,FR,2021-10-18 05:38:07,43.1167,6.1167,58.68,80,0,3.44
299,Yakeshi,CN,2021-10-18 05:38:08,49.2833,120.7333,33.17,43,4,9.37
300,Sainte-Suzanne,RE,2021-10-18 05:38:08,-20.9061,55.6089,81.1,83,75,17.27
301,Puerto Madryn,AR,2021-10-18 05:38:09,-42.7692,-65.0385,52.66,52,2,14.09
302,Kununurra,AU,2021-10-18 05:38:09,-15.7667,128.7333,102.18,24,100,8.05
303,Ust-Tsilma,RU,2021-10-18 05:38:10,65.441,52.1498,37.31,85,100,8.7
304,Moindou,NC,2021-10-18 05:38:10,-21.6924,165.677,75.15,77,100,6.46
305,Ulaanbaatar,MN,2021-10-18 05:35:07,47.9077,106.8832,39.33,26,0,8.95
306,Ribeira Grande,PT,2021-10-18 05:38:11,38.5167,-28.7,70.14,79,15,16.73
307,Cameron Park,US,2021-10-18 05:35:31,38.6688,-120.9872,51.21,93,81,1.01
308,Westport,US,2021-10-18 05:38:11,41.1415,-73.3579,55.15,85,1,5.01
309,Paraiso,CR,2021-10-18 05:38:12,9.8383,-83.8656,63.46,96,100,0.34
310,Zamora,EC,2021-10-18 05:38:12,-4.0692,-78.9567,66.18,98,62,1.97
311,Omsukchan,RU,2021-10-18 05:38:13,62.5333,155.8,2.43,93,100,12.33
312,Yatou,CN,2021-10-18 05:38:13,37.15,122.3833,61.56,45,66,14.18
313,Huarmey,PE,2021-10-18 05:38:13,-10.0681,-78.1522,63.12,88,100,7.92
314,Cholet,FR,2021-10-18 05:38:14,47.1667,-1.0,55.36,95,99,7.07
315,Lagoa,PT,2021-10-18 05:38:14,39.05,-27.9833,68.88,81,1,19.64
316,Portobelo,PA,2021-10-18 05:38:15,9.55,-79.65,77.95,86,89,4.9
317,Zhangzhou,CN,2021-10-18 05:38:16,24.5133,117.6556,78.73,56,39,2.93
318,Makakilo City,US,2021-10-18 05:37:52,21.3469,-158.0858,79.12,64,40,4.61
319,Yaan,NG,2021-10-18 05:38:16,7.3833,8.5667,73.13,96,99,3.85
320,Coria,ES,2021-10-18 05:38:17,39.9879,-6.5377,62.46,93,100,0.65
321,Sinjar,IQ,2021-10-18 05:38:17,36.3209,41.8754,67.86,54,0,7.43
322,Henties Bay,NA,2021-10-18 05:38:18,-22.116,14.2845,53.85,79,0,1.45
323,Payson,US,2021-10-18 05:38:18,40.0444,-111.7321,58.33,49,1,17.27
324,Tual,ID,2021-10-18 05:38:19,-5.6667,132.75,84.02,73,32,10.22
325,Bogorodskoye,RU,2021-10-18 05:38:19,56.55,37.8833,39.0,97,99,8.86
326,Marrakesh,MA,2021-10-18 05:38:20,31.6315,-8.0083,62.67,51,0,4.61
327,Guerrero Negro,MX,2021-10-18 05:38:20,27.9769,-114.0611,67.19,76,100,9.84
328,Karratha,AU,2021-10-18 05:38:23,-20.7377,116.8463,83.05,40,4,15.77
329,Chokurdakh,RU,2021-10-18 05:38:23,70.6333,147.9167,-9.8,100,70,2.06
330,Santa Marta,CO,2021-10-18 05:38:24,11.2408,-74.199,77.34,84,77,2.98
331,Qaqortoq,GL,2021-10-18 05:38:24,60.7167,-46.0333,30.7,43,94,10.36
332,Harlingen,US,2021-10-18 05:38:24,26.1906,-97.6961,70.2,94,1,5.75
333,Swellendam,ZA,2021-10-18 05:38:25,-34.0226,20.4417,54.61,60,0,0.96
334,Omboue,GA,2021-10-18 05:38:25,-1.5746,9.2618,76.77,83,96,5.32
335,Paralimni,CY,2021-10-18 05:38:26,35.0375,33.9833,74.08,65,41,1.01
336,Faanui,PF,2021-10-18 05:38:26,-16.4833,-151.75,79.97,79,17,18.75
337,Aykhal,RU,2021-10-18 05:38:27,66.0,111.5,32.65,98,100,19.8
338,Basudebpur,IN,2021-10-18 05:38:27,21.1353,86.7386,79.5,90,98,7.92
339,Kapit,MY,2021-10-18 05:38:28,2.0167,112.9333,90.19,59,54,2.86
340,Penzance,GB,2021-10-18 05:38:29,50.1186,-5.5371,60.01,94,100,22.62
341,Romny,UA,2021-10-18 05:38:29,50.751,33.4747,42.4,69,89,9.1
342,Gladstone,AU,2021-10-18 05:38:30,-23.85,151.25,64.33,82,90,14.97
343,Goderich,CA,2021-10-18 05:36:07,43.7501,-81.7165,55.9,62,37,21.85
344,Hualmay,PE,2021-10-18 05:38:30,-11.0964,-77.6139,61.9,89,100,8.5
345,Batagay,RU,2021-10-18 05:38:31,67.6333,134.6333,6.28,87,82,3.29
346,Sao Joao Da Boa Vista,BR,2021-10-18 05:38:31,-21.9692,-46.7981,65.03,94,21,2.19
347,Zonguldak,TR,2021-10-18 05:38:32,41.25,31.8333,50.85,96,100,1.52
348,Asau,RO,2021-10-18 05:38:32,46.4333,26.4,42.96,95,26,2.01
349,Kashary,RU,2021-10-18 05:38:33,49.04,41.0056,52.59,62,67,8.9
350,Tuatapere,NZ,2021-10-18 05:38:33,-46.1333,167.6833,57.24,61,52,7.18
351,Pringsewu,ID,2021-10-18 05:38:34,-5.3582,104.9744,84.65,73,100,2.24
352,Lompoc,US,2021-10-18 05:38:34,34.6391,-120.4579,60.1,78,90,3.44
353,Sao Lourenco Do Oeste,BR,2021-10-18 05:38:35,-26.3592,-52.8511,53.58,97,69,3.13
354,Padang,ID,2021-10-18 05:38:35,-0.9492,100.3543,87.85,76,100,6.6
355,Brae,GB,2021-10-18 05:38:35,60.3964,-1.353,49.91,75,100,21.36
356,Saint George,US,2021-10-18 05:35:52,37.1041,-113.5841,67.24,33,1,4.0
357,Murgab,TM,2021-10-18 05:38:36,37.4966,61.9714,70.29,10,0,9.78
358,Faya,SA,2021-10-18 05:38:37,18.3851,42.4509,66.31,20,15,13.0
359,Caranavi,BO,2021-10-18 05:38:37,-15.8167,-67.55,63.86,91,100,1.68
360,Yumen,CN,2021-10-18 05:38:38,40.2833,97.2,55.4,17,100,14.99
361,Laguna,US,2021-10-18 05:38:38,38.421,-121.4238,55.38,85,40,5.01
362,Udachnyy,RU,2021-10-18 05:38:38,66.4167,112.4,33.42,98,100,17.58
363,Srednekolymsk,RU,2021-10-18 05:38:39,67.45,153.6833,8.82,97,98,6.78
364,Acapulco,MX,2021-10-18 05:38:04,16.8634,-99.8901,79.48,85,90,3.56
365,Gravdal,NO,2021-10-18 05:38:40,68.1214,13.5031,35.49,80,40,16.11
366,Yuzhne,UA,2021-10-18 05:38:40,46.6221,31.1013,35.82,67,29,10.0
367,Soyo,AO,2021-10-18 05:38:41,-6.1349,12.3689,75.99,83,100,6.73
368,Ariquemes,BR,2021-10-18 05:38:41,-9.9133,-63.0408,72.21,87,38,1.54
369,Richards Bay,ZA,2021-10-18 05:38:42,-28.783,32.0377,58.91,81,100,9.35
370,Verkhoyansk,RU,2021-10-18 05:38:42,67.5447,133.385,7.07,90,82,1.79
371,Beinamar,TD,2021-10-18 05:38:43,8.6698,15.3813,74.37,88,100,4.03
372,San Pedro,PH,2021-10-18 05:38:43,14.35,121.0167,83.43,75,75,5.75
373,Yerkoy,TR,2021-10-18 05:38:43,39.6381,34.4672,54.99,68,48,0.98
374,Sorland,NO,2021-10-18 05:38:44,67.667,12.6934,35.67,59,99,22.28
375,Okitipupa,NG,2021-10-18 05:38:44,6.5047,4.7839,73.83,97,87,1.48
376,Patiya,BD,2021-10-18 05:38:45,22.2931,91.9762,89.55,66,75,11.5
377,Oudtshoorn,ZA,2021-10-18 05:38:45,-33.5907,22.2014,48.56,58,3,0.58
378,Burgeo,CA,2021-10-18 05:38:46,47.6167,-57.6152,49.66,84,100,23.58
379,Alofi,NU,2021-10-18 05:38:46,-19.0595,-169.9187,78.69,78,40,12.66
380,Sovetskiy,RU,2021-10-18 05:38:47,61.3614,63.5842,43.5,74,93,10.38
381,Maraba,BR,2021-10-18 05:38:47,-5.3686,-49.1178,75.38,100,0,0.0
382,Paamiut,GL,2021-10-18 05:38:48,61.994,-49.6678,31.23,36,1,9.35
383,Bilibino,RU,2021-10-18 05:38:48,68.0546,166.4372,-9.31,97,52,6.31
384,Maceio,BR,2021-10-18 05:37:07,-9.6658,-35.7353,72.84,100,40,3.44
385,Gasa,PS,2021-10-18 05:38:49,31.5,34.4667,71.89,63,87,4.74
386,Pasan,IN,2021-10-18 05:38:50,22.85,82.2,84.56,64,97,4.14
387,Freetown,SL,2021-10-18 05:37:01,8.484,-13.2299,78.42,82,47,4.36
388,Ternate,ID,2021-10-18 05:38:51,0.8,127.4,85.8,70,14,7.9
389,Muli,MV,2021-10-18 05:38:51,2.9167,73.5667,82.98,73,78,15.7
390,Yuryuzan,RU,2021-10-18 05:38:52,54.8633,58.4219,50.72,55,100,6.6
391,Dhaka,BD,2021-10-18 05:34:27,23.7104,90.4074,85.98,79,75,11.5
392,Noumea,NC,2021-10-18 05:35:18,-22.2763,166.4572,79.0,99,100,11.5
393,Bathsheba,BB,2021-10-18 05:38:53,13.2167,-59.5167,81.21,83,20,8.05
394,Marfino,RU,2021-10-18 05:38:53,55.7028,37.3822,42.94,86,75,11.18
395,Ahipara,NZ,2021-10-18 05:38:54,-35.1667,173.1667,60.84,84,1,5.08
396,Kloulklubed,PW,2021-10-18 05:38:55,7.0419,134.2556,88.3,73,48,9.53
397,Pak Phanang,TH,2021-10-18 05:38:55,8.3511,100.202,87.82,77,100,9.66
398,Nara,JP,2021-10-18 05:38:56,34.6851,135.8049,67.24,47,61,2.77
399,Tignere,CM,2021-10-18 05:38:56,7.3667,12.65,67.15,89,98,1.5
400,Pijijiapan,MX,2021-10-18 05:38:57,15.7011,-93.23,75.83,83,44,5.82
401,Qui Nhon,VN,2021-10-18 05:38:57,13.7667,109.2333,82.31,80,100,8.37
402,San Lorenzo,PY,2021-10-18 05:38:58,-25.3333,-57.5333,61.74,82,0,7.0
403,Bondo,CD,2021-10-18 05:38:58,3.8146,23.6866,71.98,98,100,0.63
404,Xixiang,CN,2021-10-18 05:38:59,35.1628,112.865,67.41,45,1,7.18
405,Sao Filipe,CV,2021-10-18 05:38:59,14.8961,-24.4956,78.08,76,0,5.5
406,Ingham,US,2021-10-18 05:38:59,42.6,-84.3833,49.48,83,1,3.44
407,Hammerfest,NO,2021-10-18 05:39:00,70.6634,23.6821,34.25,69,75,16.11
408,Hailar,CN,2021-10-18 05:39:00,49.2,119.7,33.94,44,7,8.12
409,Impfondo,CG,2021-10-18 05:39:01,1.6381,18.0667,72.88,87,100,0.58
410,Tirumullaivasal,IN,2021-10-18 05:39:01,11.2333,79.8333,88.81,59,100,12.57
411,Hokitika,NZ,2021-10-18 05:39:02,-42.7167,170.9667,54.37,88,69,11.61
412,San Quintin,MX,2021-10-18 05:39:03,30.4833,-115.95,62.71,85,0,8.01
413,Darovskoy,RU,2021-10-18 05:39:03,58.77,47.9564,40.77,81,100,8.43
414,Samarai,PG,2021-10-18 05:39:03,-10.6167,150.6667,84.06,75,78,12.75
415,Koeru,EE,2021-10-18 05:39:04,58.9631,26.0308,40.15,76,95,11.5
416,Nanortalik,GL,2021-10-18 05:39:05,60.1432,-45.2371,31.82,98,97,6.51
417,Pangnirtung,CA,2021-10-18 05:39:05,66.1451,-65.7125,30.92,47,77,8.16
418,Salalah,OM,2021-10-18 05:39:05,17.0151,54.0924,82.49,69,20,1.14
419,Trairi,BR,2021-10-18 05:39:06,-3.2778,-39.2689,79.77,79,47,13.33
420,Luau,AO,2021-10-18 05:39:07,-10.7073,22.2247,76.05,60,11,5.06
421,Sao Joao Da Barra,BR,2021-10-18 05:39:07,-21.6403,-41.0511,69.53,90,100,6.6
422,Lang Suan,TH,2021-10-18 05:39:08,9.9456,99.0785,84.29,91,100,3.24
423,Oussouye,SN,2021-10-18 05:39:08,12.485,-16.5469,78.24,82,100,4.99
424,Llanes,ES,2021-10-18 05:39:09,43.4198,-4.7549,67.89,59,100,4.45
425,Yulara,AU,2021-10-18 05:39:09,-25.2406,130.9889,100.24,8,17,14.97
426,Ucluelet,CA,2021-10-18 05:37:03,48.9329,-125.5528,49.08,90,66,1.63
427,Belmonte,BR,2021-10-18 05:39:10,-15.8631,-38.8828,77.5,87,22,7.45
428,Bombay,IN,2021-10-18 05:37:49,19.0144,72.8479,87.78,74,40,13.8
429,Khorramshahr,IR,2021-10-18 05:39:11,30.4397,48.1664,82.36,23,0,11.5
430,Katangli,RU,2021-10-18 05:39:11,51.7102,143.2326,30.83,78,97,13.24
431,Yoichi,JP,2021-10-18 05:39:12,43.2039,140.7703,54.77,55,100,8.32
432,Cozumel,MX,2021-10-18 05:39:12,20.5083,-86.9458,78.78,94,20,0.0
433,Marsh Harbour,BS,2021-10-18 05:35:31,26.5412,-77.0636,78.51,65,34,20.56
434,Ossora,RU,2021-10-18 05:39:13,59.2353,163.0719,28.96,92,100,18.03
435,Anloga,GH,2021-10-18 05:39:13,5.7947,0.8973,79.02,83,100,13.31
436,Arcata,US,2021-10-18 05:37:16,40.8665,-124.0828,50.67,95,90,3.44
437,Nalut,LY,2021-10-18 05:39:14,30.3333,10.85,65.12,43,100,14.32
438,Koslan,RU,2021-10-18 05:39:15,63.4564,48.8989,35.62,91,100,10.6
439,Vostok,RU,2021-10-18 05:39:15,46.4856,135.8833,32.77,54,73,5.84
440,Nador,MA,2021-10-18 05:39:16,35.174,-2.9287,61.05,72,20,3.44
441,Narsaq,GL,2021-10-18 05:39:16,60.9167,-46.05,30.42,32,48,10.83
442,Nantucket,US,2021-10-18 05:39:17,41.2835,-70.0995,55.96,78,12,21.85
443,Pacifica,US,2021-10-18 05:39:17,37.6138,-122.4869,55.0,87,40,3.0
444,Scarborough,GB,2021-10-18 05:39:18,54.2797,-0.4044,54.91,89,100,1.01
445,Havre-Saint-Pierre,CA,2021-10-18 05:39:18,50.2334,-63.5986,54.19,100,90,23.02
446,Taicheng,CN,2021-10-18 05:39:19,38.731,113.228,50.38,66,69,4.32
447,Tabora,TZ,2021-10-18 05:39:19,-5.0167,32.8,77.7,49,99,5.91
448,Iqaluit,CA,2021-10-18 05:39:20,63.7506,-68.5145,33.53,80,75,15.99
449,Javier,PH,2021-10-18 05:39:20,8.4889,126.085,85.98,66,99,4.61
450,Mzimba,MW,2021-10-18 05:39:21,-11.9,33.6,77.32,45,41,9.73
451,Sisimiut,GL,2021-10-18 05:39:21,66.9395,-53.6735,25.95,42,3,18.57
452,Birjand,IR,2021-10-18 05:39:23,32.8663,59.2211,59.47,6,0,4.61
453,Bermeo,ES,2021-10-18 05:39:24,43.4209,-2.7215,63.07,79,96,7.0
454,Biskupiec,PL,2021-10-18 05:39:24,53.8647,20.9569,37.22,91,73,5.86
455,Pokaran,IN,2021-10-18 05:39:25,26.9167,71.9167,90.23,21,0,2.66
456,Santa Cruz,BO,2021-10-18 05:35:19,-17.8,-63.1667,71.06,73,75,13.8
457,Salinas,US,2021-10-18 05:39:02,36.6777,-121.6555,55.49,81,90,10.36
458,Xining,CN,2021-10-18 05:39:25,36.6167,101.7667,54.32,42,38,6.6
459,Copiapo,CL,2021-10-18 05:39:26,-27.3667,-70.3333,49.69,55,0,0.65
460,Warrnambool,AU,2021-10-18 05:39:26,-38.3833,142.4833,57.81,69,88,15.35
461,Angoche,MZ,2021-10-18 05:39:27,-16.2325,39.9086,82.49,62,12,11.83
462,Maniitsoq,GL,2021-10-18 05:39:27,65.4167,-52.9,31.66,38,1,10.98
463,Verkhnevilyuysk,RU,2021-10-18 05:39:28,63.4453,120.3167,27.36,94,100,8.79
464,Palmer,US,2021-10-18 05:39:28,42.1584,-72.3287,51.69,73,20,9.22
465,Kapoeta,SS,2021-10-18 05:39:29,4.7717,33.5903,86.0,40,89,11.74
466,Greytown,ZA,2021-10-18 05:39:29,-29.0642,30.5928,47.19,78,99,2.71
467,Antalaha,MG,2021-10-18 05:39:30,-14.9003,50.2788,75.04,85,52,10.42
468,Havelock,US,2021-10-18 05:37:25,34.8791,-76.9013,57.92,81,0,1.01
469,Lubuagan,PH,2021-10-18 05:39:31,17.3548,121.1747,81.01,60,46,4.63
470,Yarada,IN,2021-10-18 05:39:31,17.65,83.2667,88.12,74,40,5.75
471,San Policarpo,PH,2021-10-18 05:39:32,12.1791,125.5072,84.74,72,29,6.71
472,Nizwa,OM,2021-10-18 05:39:32,22.9333,57.5333,89.01,13,0,3.91
473,Matay,EG,2021-10-18 05:39:32,28.419,30.7792,72.36,60,71,13.67
474,Homa Bay,KE,2021-10-18 05:39:33,-0.5273,34.4571,67.68,63,72,1.1
475,Port Augusta,AU,2021-10-18 05:39:33,-32.5,137.7667,85.71,29,25,17.9
476,Saint-Joseph,RE,2021-10-18 05:39:34,-21.3667,55.6167,79.47,71,21,11.45
477,Mbigou,GA,2021-10-18 05:39:34,-1.9005,11.906,67.91,98,100,1.95
478,Mananjary,MG,2021-10-18 05:39:35,-21.2167,48.3333,78.06,62,7,9.26
479,Kupang,ID,2021-10-18 05:39:35,-10.1667,123.5833,90.18,66,20,11.5
480,Kumo,NG,2021-10-18 05:39:36,10.0447,11.2122,76.19,79,94,4.79
481,Doembang Nangbuat,TH,2021-10-18 05:39:36,14.8333,100.1,71.47,96,100,6.13
482,Xichang,CN,2021-10-18 05:39:37,27.8964,102.2634,71.83,64,89,5.57
483,Kuminskiy,RU,2021-10-18 05:39:37,58.6667,66.5667,45.37,62,100,9.04
484,Tura,IN,2021-10-18 05:39:38,25.5198,90.2201,75.79,94,96,1.59
485,Diffa,NE,2021-10-18 05:39:38,13.3154,12.6113,84.42,46,25,3.89
486,Puerto Narino,CO,2021-10-18 05:39:39,-3.7703,-70.3831,72.1,98,93,1.99
487,Bulgan,MN,2021-10-18 05:39:39,48.8125,103.5347,40.84,33,0,3.87
488,Roma,US,2021-10-18 05:39:39,43.2128,-75.4557,49.86,98,90,0.0
489,El Seibo,DO,2021-10-18 05:39:40,18.7641,-69.0375,75.04,93,63,0.81
490,Kendari,ID,2021-10-18 05:39:40,-3.945,122.4989,87.73,60,26,7.11
491,Syasstroy,RU,2021-10-18 05:39:41,60.1367,32.5691,37.15,89,41,13.91
492,Merauke,ID,2021-10-18 05:39:41,-8.4667,140.3333,85.15,72,65,14.94
493,Ambilobe,MG,2021-10-18 05:39:43,-13.2,49.05,86.49,45,11,12.12
494,Krivosheino,RU,2021-10-18 05:39:43,57.3431,83.9261,44.29,68,96,8.57
495,Kimbe,PG,2021-10-18 05:39:44,-5.5502,150.1429,84.76,77,52,1.01
496,Canton,CN,2021-10-18 05:39:44,23.1167,113.25,81.0,49,44,6.26
497,Usinsk,RU,2021-10-18 05:39:45,65.9939,57.5281,36.55,88,97,16.42
498,Walvis Bay,NA,2021-10-18 05:39:45,-22.9575,14.5053,54.09,87,0,3.44
499,Vila,PT,2021-10-18 05:39:46,42.0304,-8.1588,57.7,94,100,4.0
500,Tateyama,JP,2021-10-18 05:39:46,34.9833,139.8667,67.1,59,76,15.5
501,Mabaruma,GY,2021-10-18 05:39:47,8.2,-59.7833,76.21,91,56,2.28
502,Port Hedland,AU,2021-10-18 05:39:47,-20.3167,118.5667,87.85,40,13,16.11
503,Igrim,RU,2021-10-18 05:39:48,63.1906,64.4162,40.3,84,98,10.49
504,San Ramon De La Nueva Oran,AR,2021-10-18 05:39:48,-23.1322,-64.326,65.34,58,84,1.92
505,Malindi,KE,2021-10-18 05:39:49,-3.2175,40.1191,82.56,65,75,3.44
506,Mantena,BR,2021-10-18 05:39:49,-18.7817,-40.9803,70.03,94,97,3.69
507,Sibiti,CG,2021-10-18 05:39:50,-3.6819,13.3499,69.57,91,100,2.62
508,Jumla,NP,2021-10-18 05:39:50,29.2747,82.1838,56.32,98,97,1.81
509,Haines Junction,CA,2021-10-18 05:39:50,60.7522,-137.5108,22.95,80,100,1.14
510,Ulladulla,AU,2021-10-18 05:39:51,-35.35,150.4667,76.77,47,29,4.14
511,Lusaka,ZM,2021-10-18 05:39:51,-15.4067,28.2871,84.29,25,45,12.71
512,Kyra,RU,2021-10-18 05:39:52,49.5776,111.9753,38.5,36,4,5.21
513,San Martin,AR,2021-10-18 05:39:53,-33.081,-68.4681,61.34,36,2,5.14
514,Gboko,NG,2021-10-18 05:39:53,7.3179,8.9951,73.47,95,100,6.26
515,Bhadrapur,NP,2021-10-18 05:39:54,26.544,88.0944,74.71,96,100,11.88
516,Mogadishu,SO,2021-10-18 05:39:54,2.0371,45.3438,82.27,89,75,12.66
517,Singaraja,ID,2021-10-18 05:39:55,-8.112,115.0882,87.13,68,18,7.25
518,Vilcun,CL,2021-10-18 05:39:55,-38.65,-72.2333,38.14,99,6,1.59
519,Neiafu,TO,2021-10-18 05:39:56,-18.65,-173.9833,79.48,83,40,5.75
520,Tailai,CN,2021-10-18 05:39:56,46.3833,123.4,41.59,29,5,11.9
521,Idrinskoye,RU,2021-10-18 05:39:57,54.3708,92.1358,44.74,54,83,4.16
522,Kamaishi,JP,2021-10-18 05:39:57,39.2667,141.8833,56.35,56,50,4.47
523,Avanigadda,IN,2021-10-18 05:39:58,16.0215,80.9181,89.74,81,100,8.03
524,San Cristobal,VE,2021-10-18 05:35:00,7.7669,-72.225,69.98,85,100,0.98
525,Ayabaca,PE,2021-10-18 05:39:58,-4.6398,-79.7149,48.58,93,86,0.49
526,Ulcinj,ME,2021-10-18 05:39:59,41.9294,19.2244,53.82,67,92,4.45
527,Tilichiki,RU,2021-10-18 05:39:59,60.4667,166.1,32.92,94,100,12.24
528,Cusuna,HN,2021-10-18 05:40:00,15.85,-85.2333,75.54,88,81,2.91
529,Dabhol,IN,2021-10-18 05:40:00,17.6,73.1667,83.77,62,9,8.48
530,Viedma,AR,2021-10-18 05:40:01,-40.8135,-62.9967,45.86,67,0,8.21
531,Hobyo,SO,2021-10-18 05:40:02,5.3505,48.5268,81.45,72,99,8.52
532,Kisangani,CD,2021-10-18 05:40:03,0.5167,25.2,71.56,98,100,0.56
533,Chumikan,RU,2021-10-18 05:40:03,54.7183,135.315,30.02,40,14,11.03
534,Topolobampo,MX,2021-10-18 05:40:04,25.6,-109.05,77.05,64,68,1.59
535,Mount Isa,AU,2021-10-18 05:40:05,-20.7333,139.5,96.57,11,45,13.8
536,Dindigul,IN,2021-10-18 05:40:06,10.35,77.95,89.94,64,100,3.27
537,Esna,EG,2021-10-18 05:40:06,25.2934,32.554,75.22,23,0,19.82
538,Quepos,CR,2021-10-18 05:40:07,9.4236,-84.1652,78.1,91,100,3.04
539,Dutse,NG,2021-10-18 05:40:07,11.7594,9.3392,75.2,74,39,5.79
540,Nadym,RU,2021-10-18 05:40:08,65.5333,72.5167,40.23,74,91,18.28
541,Fort Nelson,CA,2021-10-18 05:40:08,58.8053,-122.7002,27.99,93,75,0.0
542,Gizo,SB,2021-10-18 05:40:09,-8.103,156.8419,84.67,68,92,3.22
543,Fort Saint James,CA,2021-10-18 05:40:09,54.4333,-124.25,28.0,89,34,2.46
544,Tartus,SY,2021-10-18 05:40:10,34.889,35.8866,75.42,63,83,15.66
545,Punta Cardon,VE,2021-10-18 05:40:11,11.6581,-70.215,83.32,75,21,12.08
546,Clyde River,CA,2021-10-18 05:40:11,70.4692,-68.5914,30.02,81,100,15.75
547,Kahului,US,2021-10-18 05:40:12,20.8947,-156.47,76.84,81,20,16.11
548,Suzun,RU,2021-10-18 05:40:12,53.7841,82.3116,45.61,59,86,5.44
549,Clarence Town,AU,2021-10-18 05:40:13,-32.5833,151.7833,79.61,34,100,4.0
550,Berlevag,NO,2021-10-18 05:40:13,70.8578,29.0864,37.35,60,75,29.93
551,Yenagoa,NG,2021-10-18 05:40:14,4.9247,6.2642,75.69,93,100,1.7
552,Srikakulam,IN,2021-10-18 05:40:14,18.3,83.9,86.18,73,100,5.3
553,Ahome,MX,2021-10-18 05:35:54,25.9167,-109.1833,77.16,65,90,1.36
554,The Pas,CA,2021-10-18 05:40:15,53.8251,-101.2541,44.62,81,1,6.91
555,Bonthe,SL,2021-10-18 05:40:16,7.5264,-12.505,77.09,85,80,3.0
556,Plettenberg Bay,ZA,2021-10-18 05:35:16,-34.0527,23.3716,56.79,59,31,4.05
557,Frutigen,CH,2021-10-18 05:40:16,46.5878,7.6475,51.62,68,79,2.64
558,Vestmanna,FO,2021-10-18 05:40:17,62.1564,-7.1664,45.52,100,90,25.32
559,Flin Flon,CA,2021-10-18 05:40:17,54.7682,-101.865,45.75,72,99,2.77
560,Boda,CF,2021-10-18 05:40:17,4.3189,17.4695,72.07,94,100,2.39
561,Nyurba,RU,2021-10-18 05:40:18,63.2842,118.3319,30.45,96,100,11.16
562,Jacareacanga,BR,2021-10-18 05:40:18,-6.2222,-57.7528,71.87,99,100,1.54
563,Aranos,NA,2021-10-18 05:40:19,-24.1333,19.1167,54.91,16,3,17.47
564,Port Victoria,KE,2021-10-18 05:40:19,0.0939,33.9756,73.04,67,64,2.68
565,Christchurch,NZ,2021-10-18 05:38:44,-43.5333,172.6333,59.32,81,75,1.99
566,Galveston,US,2021-10-18 05:40:20,29.3669,-94.9669,67.95,62,100,6.24
567,Sapa,PH,2021-10-18 05:40:20,5.1544,120.3241,85.41,68,60,4.83
568,Parkes,AU,2021-10-18 05:40:21,-33.1333,148.1833,78.35,26,36,1.01
569,Sur,OM,2021-10-18 05:40:21,22.5667,59.5289,87.67,27,0,1.97
570,Pervomayskoye,RU,2021-10-18 05:40:22,43.919,46.7102,65.97,66,88,10.4
571,Colwyn Bay,GB,2021-10-18 05:38:47,53.2948,-3.7267,57.13,91,100,5.01
572,Sokol,RU,2021-10-18 05:40:23,59.4617,40.1206,36.05,87,6,7.74
573,Malakal,SS,2021-10-18 05:40:23,9.5334,31.6605,82.0,67,22,1.54
574,Senanga,ZM,2021-10-18 05:40:24,-16.1167,23.2667,80.51,11,68,11.27
575,Ketchikan,US,2021-10-18 05:40:24,55.3422,-131.6461,34.27,93,1,0.0
576,Gashua,NG,2021-10-18 05:40:25,12.871,11.0482,84.07,53,49,1.39
577,Kashi,CN,2021-10-18 05:40:25,39.4547,75.9797,61.81,17,20,2.24
578,Kaabong,UG,2021-10-18 05:40:26,3.4836,34.1492,74.8,46,47,10.85
579,Campobello Di Mazara,IT,2021-10-18 05:40:26,37.6358,12.7443,60.3,96,0,4.45
580,Scranton,US,2021-10-18 05:40:27,41.409,-75.6624,47.93,87,1,5.99
581,San Jose,US,2021-10-18 05:36:07,37.3394,-121.895,55.27,79,75,4.61
582,Volovo,UA,2021-10-18 05:40:27,48.5246,23.5056,37.09,80,90,1.34
583,Bima,ID,2021-10-18 05:40:28,-8.4667,118.7167,94.39,46,33,9.89
584,Fatick,SN,2021-10-18 05:40:29,14.3581,-16.5858,79.74,82,94,6.29
585,Broken Arrow,US,2021-10-18 05:40:18,36.0526,-95.7908,59.09,67,1,0.0
586,Wanning,CN,2021-10-18 05:40:29,18.8003,110.3967,77.83,90,100,13.09
587,Mentakab,MY,2021-10-18 05:40:30,3.4865,102.3516,92.21,49,100,0.58
588,Nazilli,TR,2021-10-18 05:40:30,37.9163,28.3223,51.1,75,18,2.51
589,Wuchi,CN,2021-10-18 05:40:31,29.3786,103.023,44.26,97,100,2.91
590,Hami,CN,2021-10-18 05:40:31,42.8,93.45,63.37,14,1,6.02
